                  epoch,         train/box_loss,         train/cls_loss,         train/dfl_loss,   metrics/precision(B),      metrics/recall(B),       metrics/mAP50(B),    metrics/mAP50-95(B),           val/box_loss,           val/cls_loss,           val/dfl_loss,                 lr/pg0,                 lr/pg1,                 lr/pg2
                      0,                 2.7944,                 4.5587,                 3.2197,                 0.3085,                0.03156,                0.01989,                0.00882,                    nan,                    nan,                    nan,              0.0033329,              0.0033329,              0.0033329
                      1,                 1.9833,                 3.5184,                 2.1725,                0.29646,                0.09876,                0.06809,                0.03699,                    nan,                    nan,                    nan,               0.006653,               0.006653,               0.006653
                      2,                   1.77,                 3.0736,                  1.901,                 0.2913,                0.15086,                0.11002,                0.06341,                    nan,                    nan,                    nan,                0.00996,                0.00996,                0.00996
                      3,                 1.6449,                 2.7629,                 1.7567,                0.33308,                0.19066,                0.15828,                0.09434,                    nan,                    nan,                    nan,              0.0099406,              0.0099406,              0.0099406
                      4,                 1.5516,                 2.5229,                 1.6603,                0.33032,                0.21741,                 0.1864,                0.11294,                    nan,                    nan,                    nan,              0.0099406,              0.0099406,              0.0099406
                      5,                 1.4925,                 2.3736,                 1.6002,                0.36535,                0.23641,                0.21352,                0.13236,                    nan,                    nan,                    nan,              0.0099208,              0.0099208,              0.0099208
                      6,                 1.4516,                 2.2616,                 1.5615,                0.39932,                0.25395,                0.23257,                0.14592,                    nan,                    nan,                    nan,               0.009901,               0.009901,               0.009901
                      7,                 1.4194,                 2.1771,                 1.5286,                 0.3816,                0.27338,                0.24903,                 0.1579,                    nan,                    nan,                    nan,              0.0098812,              0.0098812,              0.0098812
                      8,                 1.3932,                 2.1038,                 1.5032,                 0.3928,                0.28087,                 0.2611,                0.16634,                    nan,                    nan,                    nan,              0.0098614,              0.0098614,              0.0098614
                      9,                 1.3663,                 2.0462,                 1.4807,                0.40982,                0.28126,                0.27129,                0.17364,                    nan,                    nan,                    nan,              0.0098416,              0.0098416,              0.0098416
                     10,                 1.3504,                 2.0017,                 1.4647,                0.42439,                0.28522,                0.28024,                0.17998,                    nan,                    nan,                    nan,              0.0098218,              0.0098218,              0.0098218
                     11,                 1.3353,                 1.9613,                 1.4497,                0.43097,                0.29029,                0.28701,                0.18487,                    nan,                    nan,                    nan,               0.009802,               0.009802,               0.009802
                     12,                 1.3195,                 1.9232,                 1.4367,                0.44936,                0.29589,                 0.2924,                0.18923,                    nan,                    nan,                    nan,              0.0097822,              0.0097822,              0.0097822
                     13,                 1.3098,                 1.8844,                 1.4242,                0.44775,                0.30254,                0.29656,                0.19221,                    nan,                    nan,                    nan,              0.0097624,              0.0097624,              0.0097624
                     14,                 1.2993,                 1.8631,                 1.4163,                0.45233,                0.30374,                0.30114,                0.19574,                    nan,                    nan,                    nan,              0.0097426,              0.0097426,              0.0097426
                     15,                 1.2879,                 1.8279,                 1.4049,                0.45244,                 0.3078,                0.30444,                0.19851,                    nan,                    nan,                    nan,              0.0097228,              0.0097228,              0.0097228
                     16,                 1.2793,                 1.8047,                 1.3967,                0.45198,                0.31062,                0.30779,                0.20119,                    nan,                    nan,                    nan,               0.009703,               0.009703,               0.009703
                     17,                 1.2722,                 1.7857,                 1.3875,                0.45141,                0.31482,                0.31061,                0.20362,                    nan,                    nan,                    nan,              0.0096832,              0.0096832,              0.0096832
                     18,                 1.2633,                 1.7664,                 1.3813,                0.44306,                0.31749,                0.31376,                 0.2056,                    nan,                    nan,                    nan,              0.0096634,              0.0096634,              0.0096634
                     19,                 1.2568,                 1.7517,                 1.3766,                0.44941,                 0.3183,                0.31668,                0.20776,                    nan,                    nan,                    nan,              0.0096436,              0.0096436,              0.0096436
                     20,                 1.2529,                 1.7356,                 1.3703,                 0.4674,                0.31935,                0.32009,                0.21006,                    nan,                    nan,                    nan,              0.0096238,              0.0096238,              0.0096238
                     21,                 1.2441,                 1.7195,                 1.3642,                0.47621,                0.31783,                0.32282,                0.21255,                    nan,                    nan,                    nan,               0.009604,               0.009604,               0.009604
                     22,                  1.243,                 1.7061,                 1.3588,                0.47804,                0.31956,                0.32617,                0.21539,                    nan,                    nan,                    nan,              0.0095842,              0.0095842,              0.0095842
                     23,                  1.238,                 1.6911,                 1.3543,                0.48644,                 0.3203,                0.32862,                0.21684,                    nan,                    nan,                    nan,              0.0095644,              0.0095644,              0.0095644
                     24,                 1.2307,                  1.679,                 1.3496,                0.49075,                0.32102,                0.33128,                0.21928,                    nan,                    nan,                    nan,              0.0095446,              0.0095446,              0.0095446
                     25,                 1.2276,                 1.6643,                 1.3456,                0.48786,                0.32521,                0.33511,                0.22215,                    nan,                    nan,                    nan,              0.0095248,              0.0095248,              0.0095248
                     26,                 1.2248,                 1.6576,                 1.3432,                0.48779,                0.32824,                0.33756,                0.22373,                    nan,                    nan,                    nan,               0.009505,               0.009505,               0.009505
                     27,                 1.2217,                 1.6482,                 1.3393,                0.48551,                0.33386,                0.33979,                0.22563,                    nan,                    nan,                    nan,              0.0094852,              0.0094852,              0.0094852
                     28,                 1.2185,                 1.6406,                 1.3349,                0.48869,                0.33525,                0.34203,                0.22758,                    nan,                    nan,                    nan,              0.0094654,              0.0094654,              0.0094654
                     29,                 1.2157,                 1.6267,                 1.3302,                   0.49,                0.33743,                0.34495,                0.22965,                    nan,                    nan,                    nan,              0.0094456,              0.0094456,              0.0094456
                     30,                  1.212,                 1.6186,                  1.327,                0.49054,                0.34048,                0.34733,                0.23135,                    nan,                    nan,                    nan,              0.0094258,              0.0094258,              0.0094258
                     31,                 1.2078,                 1.6109,                 1.3244,                0.49344,                0.34243,                0.35041,                 0.2335,                    nan,                    nan,                    nan,               0.009406,               0.009406,               0.009406
                     32,                 1.2064,                  1.604,                 1.3221,                0.49673,                0.34397,                0.35303,                 0.2353,                    nan,                    nan,                    nan,              0.0093862,              0.0093862,              0.0093862
                     33,                 1.2026,                 1.5924,                 1.3182,                0.50062,                 0.3445,                 0.3555,                0.23723,                    nan,                    nan,                    nan,              0.0093664,              0.0093664,              0.0093664
                     34,                 1.2005,                 1.5824,                 1.3158,                0.50059,                0.34629,                0.35775,                0.23891,                    nan,                    nan,                    nan,              0.0093466,              0.0093466,              0.0093466
                     35,                 1.1978,                 1.5809,                 1.3133,                0.49826,                0.34977,                0.35973,                0.24025,                    nan,                    nan,                    nan,              0.0093268,              0.0093268,              0.0093268
                     36,                 1.2097,                 1.6183,                 1.3279,                0.49511,                0.35241,                0.36113,                0.24121,                    nan,                    nan,                    nan,               0.009307,               0.009307,               0.009307
                     37,                 1.2126,                 1.6309,                 1.3325,                0.50663,                0.34927,                0.36262,                0.24219,                    nan,                    nan,                    nan,              0.0092872,              0.0092872,              0.0092872
                     38,                 1.2112,                 1.6242,                 1.3292,                0.50789,                0.35059,                0.36407,                 0.2434,                    nan,                    nan,                    nan,              0.0092674,              0.0092674,              0.0092674
                     39,                  1.209,                 1.6158,                 1.3261,                 0.5126,                0.35036,                0.36536,                0.24441,                    nan,                    nan,                    nan,              0.0092476,              0.0092476,              0.0092476
                     40,                 1.2044,                 1.6039,                 1.3226,                0.51538,                0.34987,                0.36682,                0.24524,                    nan,                    nan,                    nan,              0.0092278,              0.0092278,              0.0092278
                     41,                 1.2017,                 1.5982,                 1.3199,                0.50797,                 0.3553,                 0.3689,                0.24676,                    nan,                    nan,                    nan,               0.009208,               0.009208,               0.009208
                     42,                 1.2012,                 1.5875,                 1.3158,                0.51707,                0.35083,                 0.3697,                0.24765,                    nan,                    nan,                    nan,              0.0091882,              0.0091882,              0.0091882
                     43,                 1.1965,                 1.5792,                 1.3118,                0.51566,                0.35279,                0.37119,                0.24854,                    nan,                    nan,                    nan,              0.0091684,              0.0091684,              0.0091684
                     44,                 1.1948,                 1.5672,                 1.3097,                0.50826,                0.35788,                0.37207,                0.24954,                    nan,                    nan,                    nan,              0.0091486,              0.0091486,              0.0091486
                     45,                 1.1891,                 1.5629,                  1.306,                0.51477,                0.35842,                0.37306,                0.25053,                    nan,                    nan,                    nan,              0.0091288,              0.0091288,              0.0091288
                     46,                 1.1891,                  1.559,                 1.3051,                0.52036,                0.35836,                0.37461,                0.25164,                    nan,                    nan,                    nan,               0.009109,               0.009109,               0.009109
                     47,                 1.1873,                 1.5531,                 1.3033,                0.51033,                0.36249,                0.37551,                0.25224,                    nan,                    nan,                    nan,              0.0090892,              0.0090892,              0.0090892
                     48,                 1.1843,                 1.5476,                 1.3019,                0.51262,                 0.3643,                0.37713,                 0.2531,                    nan,                    nan,                    nan,              0.0090694,              0.0090694,              0.0090694
                     49,                 1.1834,                 1.5377,                 1.2989,                 0.5162,                0.36388,                0.37843,                0.25406,                    nan,                    nan,                    nan,              0.0090496,              0.0090496,              0.0090496
                     50,                 1.1815,                 1.5384,                 1.2987,                0.51208,                0.36771,                0.37991,                0.25513,                    nan,                    nan,                    nan,              0.0090298,              0.0090298,              0.0090298
                     51,                 1.1776,                 1.5225,                 1.2944,                0.52572,                0.36312,                0.38108,                0.25587,                    nan,                    nan,                    nan,                0.00901,                0.00901,                0.00901
                     52,                 1.1776,                 1.5196,                 1.2936,                0.52902,                0.36238,                 0.3823,                0.25676,                    nan,                    nan,                    nan,              0.0089902,              0.0089902,              0.0089902
                     53,                 1.1756,                 1.5154,                 1.2901,                0.53477,                0.36067,                0.38334,                0.25766,                    nan,                    nan,                    nan,              0.0089704,              0.0089704,              0.0089704
                     54,                 1.1716,                 1.5079,                 1.2887,                0.52833,                0.36477,                0.38426,                 0.2583,                    nan,                    nan,                    nan,              0.0089506,              0.0089506,              0.0089506
                     55,                 1.1715,                 1.5065,                 1.2877,                0.52005,                 0.3708,                0.38504,                0.25897,                    nan,                    nan,                    nan,              0.0089308,              0.0089308,              0.0089308
                     56,                 1.1708,                 1.5033,                 1.2858,                0.52524,                0.37042,                0.38612,                0.25966,                    nan,                    nan,                    nan,               0.008911,               0.008911,               0.008911
                     57,                 1.1661,                 1.4991,                 1.2843,                0.52184,                0.37356,                0.38719,                0.26058,                    nan,                    nan,                    nan,              0.0088912,              0.0088912,              0.0088912
                     58,                  1.168,                 1.4931,                 1.2807,                0.52676,                0.37381,                 0.3884,                 0.2616,                    nan,                    nan,                    nan,              0.0088714,              0.0088714,              0.0088714
                     59,                 1.1656,                 1.4891,                 1.2803,                0.52865,                0.37389,                0.38891,                0.26205,                    nan,                    nan,                    nan,              0.0088516,              0.0088516,              0.0088516
                     60,                 1.1616,                  1.482,                 1.2792,                0.52998,                0.37455,                0.38953,                 0.2626,                    nan,                    nan,                    nan,              0.0088318,              0.0088318,              0.0088318
                     61,                 1.1612,                  1.477,                 1.2769,                 0.5292,                0.37769,                 0.3913,                0.26386,                    nan,                    nan,                    nan,               0.008812,               0.008812,               0.008812
                     62,                 1.1622,                 1.4768,                 1.2778,                0.53232,                0.37754,                0.39269,                0.26468,                    nan,                    nan,                    nan,              0.0087922,              0.0087922,              0.0087922
                     63,                 1.1614,                 1.4743,                 1.2755,                0.53387,                0.37838,                0.39346,                0.26528,                    nan,                    nan,                    nan,              0.0087724,              0.0087724,              0.0087724
                     64,                 1.1588,                 1.4728,                 1.2738,                0.53773,                0.37776,                0.39443,                0.26595,                    nan,                    nan,                    nan,              0.0087526,              0.0087526,              0.0087526
                     65,                 1.1575,                 1.4651,                 1.2721,                0.53879,                0.37876,                0.39493,                0.26625,                    nan,                    nan,                    nan,              0.0087328,              0.0087328,              0.0087328
                     66,                 1.1572,                 1.4628,                 1.2703,                0.54228,                0.37769,                0.39504,                0.26645,                    nan,                    nan,                    nan,               0.008713,               0.008713,               0.008713
                     67,                 1.1539,                 1.4577,                 1.2685,                0.54305,                0.37813,                0.39572,                0.26715,                    nan,                    nan,                    nan,              0.0086932,              0.0086932,              0.0086932
                     68,                  1.154,                 1.4586,                 1.2684,                0.54265,                0.38059,                0.39654,                0.26798,                    nan,                    nan,                    nan,              0.0086734,              0.0086734,              0.0086734
                     69,                 1.1527,                 1.4516,                 1.2657,                0.54966,                0.37778,                 0.3973,                0.26841,                    nan,                    nan,                    nan,              0.0086536,              0.0086536,              0.0086536
                     70,                 1.1511,                  1.444,                 1.2648,                0.55043,                0.37778,                0.39779,                0.26855,                    nan,                    nan,                    nan,              0.0086338,              0.0086338,              0.0086338
                     71,                 1.1504,                 1.4466,                 1.2648,                0.55443,                0.37687,                 0.3988,                0.26927,                    nan,                    nan,                    nan,               0.008614,               0.008614,               0.008614
                     72,                 1.1488,                 1.4431,                 1.2622,                0.55133,                0.37993,                0.39911,                0.26925,                    nan,                    nan,                    nan,              0.0085942,              0.0085942,              0.0085942
                     73,                 1.1489,                 1.4404,                 1.2614,                0.54469,                0.38353,                0.39959,                0.26961,                    nan,                    nan,                    nan,              0.0085744,              0.0085744,              0.0085744
                     74,                 1.1482,                 1.4385,                 1.2605,                0.54669,                 0.3854,                0.40041,                0.26999,                    nan,                    nan,                    nan,              0.0085546,              0.0085546,              0.0085546
                     75,                 1.1443,                 1.4323,                 1.2591,                  0.549,                0.38521,                0.40084,                 0.2707,                    nan,                    nan,                    nan,              0.0085348,              0.0085348,              0.0085348
                     76,                 1.1442,                 1.4344,                  1.258,                0.55373,                0.38296,                0.40169,                0.27132,                    nan,                    nan,                    nan,               0.008515,               0.008515,               0.008515
                     77,                 1.1394,                 1.4212,                 1.2564,                0.55555,                0.38252,                0.40222,                0.27144,                    nan,                    nan,                    nan,              0.0084952,              0.0084952,              0.0084952
                     78,                 1.1427,                  1.422,                 1.2559,                0.54546,                0.38702,                0.40284,                0.27212,                    nan,                    nan,                    nan,              0.0084754,              0.0084754,              0.0084754
                     79,                 1.1419,                 1.4233,                 1.2561,                0.53974,                0.39058,                0.40256,                0.27215,                    nan,                    nan,                    nan,              0.0084556,              0.0084556,              0.0084556
                     80,                 1.1403,                 1.4196,                 1.2538,                0.53985,                0.39026,                0.40262,                0.27183,                    nan,                    nan,                    nan,              0.0084358,              0.0084358,              0.0084358
                     81,                 1.1399,                 1.4142,                 1.2548,                 0.5407,                0.39053,                0.40312,                0.27222,                    nan,                    nan,                    nan,               0.008416,               0.008416,               0.008416
                     82,                 1.1377,                 1.4156,                 1.2526,                0.53727,                0.39212,                0.40321,                0.27267,                    nan,                    nan,                    nan,              0.0083962,              0.0083962,              0.0083962
                     83,                 1.1365,                 1.4069,                 1.2503,                0.53472,                0.39076,                 0.4032,                0.27227,                    nan,                    nan,                    nan,              0.0083764,              0.0083764,              0.0083764
                     84,                 1.1349,                 1.4034,                 1.2494,                0.53384,                0.39267,                0.40354,                0.27295,                    nan,                    nan,                    nan,              0.0083566,              0.0083566,              0.0083566
                     85,                  1.122,                 1.3778,                 1.2435,                 0.5373,                0.39249,                0.40411,                0.27327,                    nan,                    nan,                    nan,              0.0083368,              0.0083368,              0.0083368
                     86,                 1.1167,                  1.365,                 1.2387,                0.53984,                0.39301,                 0.4039,                0.27357,                    nan,                    nan,                    nan,               0.008317,               0.008317,               0.008317
                     87,                 1.1325,                 1.4067,                 1.2523,                0.53749,                0.39302,                0.40429,                0.27382,                    nan,                    nan,                    nan,              0.0082972,              0.0082972,              0.0082972
                     88,                 1.1351,                 1.4092,                 1.2527,                0.53722,                0.39319,                0.40454,                0.27372,                    nan,                    nan,                    nan,              0.0082774,              0.0082774,              0.0082774
                     89,                 1.1376,                 1.4132,                 1.2535,                0.54352,                 0.3914,                 0.4048,                0.27404,                    nan,                    nan,                    nan,              0.0082576,              0.0082576,              0.0082576
                     90,                  1.134,                 1.4083,                 1.2521,                0.54973,                0.38811,                0.40525,                0.27411,                    nan,                    nan,                    nan,              0.0082378,              0.0082378,              0.0082378
                     91,                 1.1352,                 1.4103,                 1.2523,                 0.5519,                 0.3862,                0.40524,                0.27443,                    nan,                    nan,                    nan,               0.008218,               0.008218,               0.008218
                     92,                  1.137,                 1.4067,                 1.2513,                0.55233,                0.38615,                0.40552,                0.27441,                    nan,                    nan,                    nan,              0.0081982,              0.0081982,              0.0081982
                     93,                 1.1345,                 1.4024,                 1.2486,                0.55731,                0.38399,                0.40522,                0.27411,                    nan,                    nan,                    nan,              0.0081784,              0.0081784,              0.0081784
                     94,                 1.1341,                 1.3979,                 1.2481,                0.55528,                0.38608,                0.40504,                0.27418,                    nan,                    nan,                    nan,              0.0081586,              0.0081586,              0.0081586
                     95,                 1.1292,                 1.3968,                 1.2456,                0.55598,                0.38629,                0.40533,                0.27445,                    nan,                    nan,                    nan,              0.0081388,              0.0081388,              0.0081388
                     96,                 1.1326,                 1.3972,                 1.2462,                0.55576,                0.38458,                0.40525,                0.27429,                    nan,                    nan,                    nan,               0.008119,               0.008119,               0.008119
                     97,                 1.1307,                 1.3942,                  1.246,                0.55279,                0.38684,                0.40503,                0.27415,                    nan,                    nan,                    nan,              0.0080992,              0.0080992,              0.0080992
                     98,                 1.1297,                 1.3919,                 1.2458,                0.54925,                0.38772,                0.40474,                0.27391,                    nan,                    nan,                    nan,              0.0080794,              0.0080794,              0.0080794
                     99,                 1.1305,                 1.3884,                 1.2453,                0.55284,                0.38819,                 0.4051,                0.27378,                    nan,                    nan,                    nan,              0.0080596,              0.0080596,              0.0080596
                    100,                 1.1287,                 1.3906,                 1.2449,                0.55534,                0.38602,                 0.4058,                0.27443,                    nan,                    nan,                    nan,              0.0080398,              0.0080398,              0.0080398
                    101,                 1.1258,                 1.3775,                 1.2416,                0.55416,                0.38737,                0.40615,                0.27453,                    nan,                    nan,                    nan,                0.00802,                0.00802,                0.00802
                    102,                 1.1269,                 1.3797,                 1.2419,                0.55199,                0.38833,                0.40572,                0.27487,                    nan,                    nan,                    nan,              0.0080002,              0.0080002,              0.0080002
                    103,                 1.1266,                 1.3782,                 1.2398,                0.55104,                0.38789,                0.40578,                0.27471,                    nan,                    nan,                    nan,              0.0079804,              0.0079804,              0.0079804
                    104,                 1.1233,                 1.3749,                 1.2394,                0.55363,                0.38642,                0.40534,                0.27454,                    nan,                    nan,                    nan,              0.0079606,              0.0079606,              0.0079606
                    105,                 1.1238,                 1.3737,                 1.2393,                0.55963,                0.38345,                0.40551,                0.27442,                    nan,                    nan,                    nan,              0.0079408,              0.0079408,              0.0079408
                    106,                 1.1246,                  1.372,                 1.2383,                0.56488,                0.38052,                0.40582,                0.27463,                    nan,                    nan,                    nan,               0.007921,               0.007921,               0.007921
                    107,                 1.1194,                 1.3695,                  1.238,                0.56898,                0.37944,                0.40612,                0.27463,                    nan,                    nan,                    nan,              0.0079012,              0.0079012,              0.0079012
                    108,                 1.1234,                 1.3672,                 1.2362,                0.55834,                0.38449,                0.40588,                0.27494,                    nan,                    nan,                    nan,              0.0078814,              0.0078814,              0.0078814
                    109,                 1.1213,                 1.3649,                 1.2365,                0.55651,                0.38448,                0.40621,                0.27519,                    nan,                    nan,                    nan,              0.0078616,              0.0078616,              0.0078616
                    110,                 1.1177,                 1.3601,                  1.235,                0.55548,                0.38485,                0.40581,                0.27484,                    nan,                    nan,                    nan,              0.0078418,              0.0078418,              0.0078418
                    111,                 1.1173,                 1.3577,                  1.234,                0.55166,                0.38649,                0.40581,                0.27489,                    nan,                    nan,                    nan,               0.007822,               0.007822,               0.007822
                    112,                 1.1191,                 1.3574,                 1.2345,                0.55471,                0.38585,                0.40593,                0.27507,                    nan,                    nan,                    nan,              0.0078022,              0.0078022,              0.0078022
                    113,                 1.1189,                 1.3569,                 1.2348,                0.55265,                0.38803,                0.40549,                  0.275,                    nan,                    nan,                    nan,              0.0077824,              0.0077824,              0.0077824
                    114,                 1.1169,                 1.3573,                 1.2345,                0.54347,                 0.3925,                0.40556,                0.27512,                    nan,                    nan,                    nan,              0.0077626,              0.0077626,              0.0077626
                    115,                 1.1173,                 1.3518,                  1.232,                0.54284,                0.39278,                0.40582,                0.27557,                    nan,                    nan,                    nan,              0.0077428,              0.0077428,              0.0077428
                    116,                 1.1164,                 1.3492,                 1.2315,                0.54373,                0.39311,                0.40688,                0.27603,                    nan,                    nan,                    nan,               0.007723,               0.007723,               0.007723
                    117,                 1.1134,                 1.3465,                 1.2306,                0.55359,                 0.3888,                0.40734,                0.27606,                    nan,                    nan,                    nan,              0.0077032,              0.0077032,              0.0077032
                    118,                  1.115,                 1.3498,                 1.2314,                0.55317,                 0.3885,                0.40729,                0.27631,                    nan,                    nan,                    nan,              0.0076834,              0.0076834,              0.0076834
                    119,                 1.1129,                 1.3437,                 1.2289,                0.55159,                0.38956,                0.40734,                 0.2762,                    nan,                    nan,                    nan,              0.0076636,              0.0076636,              0.0076636
                    120,                  1.112,                 1.3397,                 1.2281,                0.55205,                0.38813,                0.40751,                0.27622,                    nan,                    nan,                    nan,              0.0076438,              0.0076438,              0.0076438
                    121,                 1.1119,                   1.34,                  1.229,                0.55815,                0.38574,                0.40831,                0.27652,                    nan,                    nan,                    nan,               0.007624,               0.007624,               0.007624
                    122,                 1.1095,                 1.3391,                 1.2266,                0.55821,                0.38492,                0.40827,                0.27662,                    nan,                    nan,                    nan,              0.0076042,              0.0076042,              0.0076042
                    123,                 1.1102,                 1.3383,                 1.2272,                0.55216,                0.38881,                0.40829,                 0.2768,                    nan,                    nan,                    nan,              0.0075844,              0.0075844,              0.0075844
                    124,                 1.1111,                 1.3363,                 1.2254,                0.55013,                0.38901,                0.40781,                0.27689,                    nan,                    nan,                    nan,              0.0075646,              0.0075646,              0.0075646
                    125,                 1.1079,                 1.3335,                 1.2251,                0.54767,                0.39108,                0.40825,                0.27692,                    nan,                    nan,                    nan,              0.0075448,              0.0075448,              0.0075448
                    126,                 1.1083,                 1.3327,                 1.2239,                0.55429,                0.38833,                0.40834,                  0.277,                    nan,                    nan,                    nan,               0.007525,               0.007525,               0.007525
                    127,                 1.1058,                 1.3262,                 1.2242,                 0.5543,                0.38719,                0.40871,                0.27753,                    nan,                    nan,                    nan,              0.0075052,              0.0075052,              0.0075052
                    128,                 1.1076,                 1.3284,                  1.224,                 0.5497,                0.38975,                0.40894,                0.27737,                    nan,                    nan,                    nan,              0.0074854,              0.0074854,              0.0074854
                    129,                 1.1058,                 1.3279,                 1.2239,                0.55557,                0.38783,                0.40868,                 0.2774,                    nan,                    nan,                    nan,              0.0074656,              0.0074656,              0.0074656
                    130,                 1.1059,                 1.3232,                 1.2219,                0.55994,                0.38582,                0.40888,                0.27759,                    nan,                    nan,                    nan,              0.0074458,              0.0074458,              0.0074458
                    131,                 1.1056,                 1.3227,                 1.2235,                0.54977,                0.39162,                0.40886,                0.27799,                    nan,                    nan,                    nan,               0.007426,               0.007426,               0.007426
                    132,                 1.1039,                 1.3261,                 1.2213,                0.54287,                0.39444,                0.40845,                0.27739,                    nan,                    nan,                    nan,              0.0074062,              0.0074062,              0.0074062
                    133,                 1.1035,                 1.3179,                 1.2199,                0.54663,                0.39335,                0.40893,                0.27788,                    nan,                    nan,                    nan,              0.0073864,              0.0073864,              0.0073864
                    134,                 1.1022,                 1.3172,                 1.2202,                 0.5498,                0.39249,                0.40863,                  0.278,                    nan,                    nan,                    nan,              0.0073666,              0.0073666,              0.0073666
                    135,                 1.1009,                 1.3186,                 1.2199,                0.54968,                0.39288,                0.40903,                0.27777,                    nan,                    nan,                    nan,              0.0073468,              0.0073468,              0.0073468
                    136,                 1.1032,                 1.3139,                 1.2182,                0.56467,                0.38501,                0.40817,                0.27758,                    nan,                    nan,                    nan,               0.007327,               0.007327,               0.007327
                    137,                 1.1022,                 1.3123,                 1.2193,                0.56179,                0.38859,                0.40835,                0.27754,                    nan,                    nan,                    nan,              0.0073072,              0.0073072,              0.0073072
                    138,                 1.1027,                 1.3123,                 1.2188,                0.56885,                0.38745,                0.40893,                0.27782,                    nan,                    nan,                    nan,              0.0072874,              0.0072874,              0.0072874
                    139,                 1.1014,                 1.3097,                   1.22,                0.56823,                0.38746,                0.40851,                0.27783,                    nan,                    nan,                    nan,              0.0072676,              0.0072676,              0.0072676
                    140,                 1.1016,                 1.3129,                 1.2182,                0.56987,                0.38565,                0.40891,                0.27822,                    nan,                    nan,                    nan,              0.0072478,              0.0072478,              0.0072478
                    141,                 1.1008,                 1.3062,                 1.2172,                0.56991,                0.38525,                 0.4088,                0.27805,                    nan,                    nan,                    nan,               0.007228,               0.007228,               0.007228
                    142,                 1.1003,                 1.3079,                 1.2171,                0.57108,                0.38614,                0.40934,                0.27816,                    nan,                    nan,                    nan,              0.0072082,              0.0072082,              0.0072082
                    143,                 1.1021,                 1.3033,                 1.2171,                0.56026,                0.38809,                0.40967,                0.27832,                    nan,                    nan,                    nan,              0.0071884,              0.0071884,              0.0071884
                    144,                 1.0979,                 1.3069,                 1.2157,                0.55844,                0.39081,                0.40956,                0.27826,                    nan,                    nan,                    nan,              0.0071686,              0.0071686,              0.0071686
                    145,                 1.0977,                  1.299,                 1.2149,                0.55923,                0.39351,                0.40984,                0.27872,                    nan,                    nan,                    nan,              0.0071488,              0.0071488,              0.0071488
                    146,                 1.0969,                 1.3025,                  1.214,                0.55928,                0.39252,                0.40997,                 0.2784,                    nan,                    nan,                    nan,               0.007129,               0.007129,               0.007129
                    147,                 1.0973,                 1.3016,                 1.2152,                0.55998,                0.39112,                0.40937,                0.27852,                    nan,                    nan,                    nan,              0.0071092,              0.0071092,              0.0071092
                    148,                 1.0959,                 1.2952,                 1.2143,                0.55674,                0.39276,                0.40958,                 0.2785,                    nan,                    nan,                    nan,              0.0070894,              0.0070894,              0.0070894
                    149,                 1.0947,                 1.2931,                 1.2124,                0.56078,                0.39107,                0.40984,                0.27861,                    nan,                    nan,                    nan,              0.0070696,              0.0070696,              0.0070696
                    150,                 1.0953,                 1.2939,                  1.213,                 0.5572,                0.39212,                   0.41,                0.27826,                    nan,                    nan,                    nan,              0.0070498,              0.0070498,              0.0070498
                    151,                 1.0957,                 1.2913,                 1.2119,                0.55476,                0.39296,                 0.4104,                0.27862,                    nan,                    nan,                    nan,                0.00703,                0.00703,                0.00703
                    152,                 1.0932,                 1.2875,                 1.2106,                0.55409,                0.39444,                0.41068,                0.27883,                    nan,                    nan,                    nan,              0.0070102,              0.0070102,              0.0070102
                    153,                 1.0922,                 1.2882,                 1.2115,                0.55027,                0.39345,                0.41058,                0.27876,                    nan,                    nan,                    nan,              0.0069904,              0.0069904,              0.0069904
                    154,                 1.0938,                 1.2859,                 1.2102,                0.54891,                  0.392,                0.41025,                0.27868,                    nan,                    nan,                    nan,              0.0069706,              0.0069706,              0.0069706
                    155,                 1.0932,                 1.2886,                 1.2098,                0.55481,                0.38833,                0.41017,                0.27865,                    nan,                    nan,                    nan,              0.0069508,              0.0069508,              0.0069508
                    156,                  1.091,                 1.2843,                 1.2091,                0.55206,                0.38901,                0.41038,                0.27866,                    nan,                    nan,                    nan,               0.006931,               0.006931,               0.006931
                    157,                 1.0893,                 1.2834,                 1.2083,                0.55412,                0.38799,                0.41062,                0.27875,                    nan,                    nan,                    nan,              0.0069112,              0.0069112,              0.0069112
                    158,                 1.0901,                  1.279,                  1.208,                0.55755,                0.38642,                0.41032,                0.27885,                    nan,                    nan,                    nan,              0.0068914,              0.0068914,              0.0068914
                    159,                 1.0897,                 1.2776,                 1.2083,                0.55375,                0.38928,                0.41023,                 0.2785,                    nan,                    nan,                    nan,              0.0068716,              0.0068716,              0.0068716
                    160,                 1.0878,                  1.278,                 1.2072,                0.55424,                0.38944,                0.41117,                0.27899,                    nan,                    nan,                    nan,              0.0068518,              0.0068518,              0.0068518
                    161,                 1.0851,                 1.2777,                 1.2064,                0.55575,                0.39035,                0.41142,                0.27894,                    nan,                    nan,                    nan,               0.006832,               0.006832,               0.006832
                    162,                 1.0885,                 1.2746,                 1.2064,                0.55908,                0.38898,                 0.4115,                0.27908,                    nan,                    nan,                    nan,              0.0068122,              0.0068122,              0.0068122
                    163,                 1.0904,                 1.2768,                 1.2074,                0.55922,                0.38836,                0.41124,                0.27882,                    nan,                    nan,                    nan,              0.0067924,              0.0067924,              0.0067924
                    164,                 1.0846,                 1.2733,                 1.2051,                0.55853,                0.38837,                0.41098,                0.27895,                    nan,                    nan,                    nan,              0.0067726,              0.0067726,              0.0067726
                    165,                 1.0867,                 1.2746,                  1.205,                0.55816,                 0.3881,                0.41096,                0.27872,                    nan,                    nan,                    nan,              0.0067528,              0.0067528,              0.0067528
                    166,                 1.0872,                 1.2706,                 1.2046,                0.56249,                0.38704,                0.41097,                0.27879,                    nan,                    nan,                    nan,               0.006733,               0.006733,               0.006733
                    167,                 1.0818,                  1.268,                 1.2033,                0.56664,                 0.3849,                 0.4109,                0.27921,                    nan,                    nan,                    nan,              0.0067132,              0.0067132,              0.0067132
                    168,                 1.0846,                 1.2663,                 1.2027,                0.56539,                0.38391,                0.41055,                0.27933,                    nan,                    nan,                    nan,              0.0066934,              0.0066934,              0.0066934
                    169,                 1.0829,                 1.2664,                 1.2009,                0.56386,                0.38517,                0.41077,                0.27926,                    nan,                    nan,                    nan,              0.0066736,              0.0066736,              0.0066736
                    170,                 1.0832,                 1.2635,                 1.2025,                0.56239,                0.38476,                0.41079,                0.27937,                    nan,                    nan,                    nan,              0.0066538,              0.0066538,              0.0066538
                    171,                 1.0844,                 1.2643,                 1.2021,                 0.5626,                0.38465,                0.41045,                0.27901,                    nan,                    nan,                    nan,               0.006634,               0.006634,               0.006634
                    172,                 1.0828,                 1.2642,                 1.2024,                0.55248,                0.38858,                0.41045,                0.27932,                    nan,                    nan,                    nan,              0.0066142,              0.0066142,              0.0066142
                    173,                 1.0788,                 1.2594,                 1.2002,                0.55197,                0.38902,                0.41072,                0.27979,                    nan,                    nan,                    nan,              0.0065944,              0.0065944,              0.0065944
                    174,                 1.0802,                 1.2596,                 1.2012,                0.55931,                0.38721,                0.41065,                0.27929,                    nan,                    nan,                    nan,              0.0065746,              0.0065746,              0.0065746
                    175,                  1.082,                 1.2572,                 1.1998,                0.55918,                 0.3862,                0.41048,                0.27931,                    nan,                    nan,                    nan,              0.0065548,              0.0065548,              0.0065548
                    176,                 1.0782,                 1.2544,                 1.1989,                 0.5637,                0.38626,                0.41095,                0.27975,                    nan,                    nan,                    nan,               0.006535,               0.006535,               0.006535
                    177,                 1.0801,                 1.2565,                 1.2009,                0.56578,                0.38633,                0.41131,                0.27991,                    nan,                    nan,                    nan,              0.0065152,              0.0065152,              0.0065152
                    178,                 1.0818,                 1.2541,                 1.2001,                0.56197,                 0.3872,                0.41135,                 0.2795,                    nan,                    nan,                    nan,              0.0064954,              0.0064954,              0.0064954
                    179,                 1.0819,                 1.2558,                 1.1997,                0.56148,                0.38734,                0.41171,                0.28011,                    nan,                    nan,                    nan,              0.0064756,              0.0064756,              0.0064756
                    180,                 1.0782,                 1.2514,                 1.1984,                0.56184,                0.38796,                0.41196,                0.28013,                    nan,                    nan,                    nan,              0.0064558,              0.0064558,              0.0064558
                    181,                 1.0792,                 1.2517,                 1.1979,                 0.5614,                0.38778,                0.41192,                 0.2802,                    nan,                    nan,                    nan,               0.006436,               0.006436,               0.006436
                    182,                 1.0784,                 1.2491,                 1.1969,                0.56617,                0.38655,                0.41201,                0.28073,                    nan,                    nan,                    nan,              0.0064162,              0.0064162,              0.0064162
                    183,                 1.0767,                 1.2464,                 1.1958,                0.56717,                0.38442,                0.41181,                 0.2806,                    nan,                    nan,                    nan,              0.0063964,              0.0063964,              0.0063964
                    184,                 1.0784,                  1.249,                 1.1976,                0.57078,                0.38341,                0.41177,                0.28042,                    nan,                    nan,                    nan,              0.0063766,              0.0063766,              0.0063766
